iter,r2_collision,r2_near,r2_neighbors,r2_total,r2_path
162,13.76384162902832,0.02814340591430664,0.0324556827545166,13.83265471458435,4.421039568412394
163,13.87182354927063,0.028365373611450195,0.03360247611999512,13.942064762115479,3.9999999999999987
164,13.895411491394043,0.02940511703491211,0.03385448455810547,13.967058897018433,2.4000000000000004
165,13.895411491394043,0.029638051986694336,0.03385448455810547,13.967301845550537,2.4000000000000004
166,14.018247842788696,0.029860973358154297,0.03413820266723633,14.090694904327393,2.4000000000000004
167,14.118818759918213,0.030092954635620117,0.03444528579711914,14.191848754882812,2.4000000000000004
168,14.240817785263062,0.03038311004638672,0.03469109535217285,14.314498662948608,1.0000000000000002
169,14.240817785263062,0.030686378479003906,0.03469109535217285,14.314816951751709,1.0000000000000002
170,14.240817785263062,0.030991554260253906,0.03469109535217285,14.315124988555908,1.0000000000000002
171,14.26294469833374,0.031281471252441406,0.03493213653564453,14.337830781936646,1.0000000000000002
172,14.26294469833374,0.0315091609954834,0.03493213653564453,14.338064670562744,1.0000000000000002
173,14.280982732772827,0.031735897064208984,0.03516817092895508,14.356592893600464,1.0000000000000002
174,14.383656740188599,0.0319666862487793,0.03543829917907715,14.459802865982056,1.0000000000000002
175,14.506136894226074,0.03221464157104492,0.03568434715270996,14.582849740982056,1.0000000000000002
176,14.526299953460693,0.03249049186706543,0.03593730926513672,14.603586673736572,1.0000000000000002
177,14.658230066299438,0.03273940086364746,0.03716635704040527,14.737046003341675,1.0000000000000002
178,14.78218126296997,0.03298544883728027,0.037705183029174805,14.861840724945068,1.0000000000000002
179,14.78218126296997,0.033231496810913086,0.037705183029174805,14.862099885940552,1.0000000000000002
180,14.909517288208008,0.03346753120422363,0.039374351501464844,14.991406679153442,1.0000000000000002
181,14.909517288208008,0.03371143341064453,0.039374351501464844,14.991660594940186,1.0000000000000002
182,15.037940263748169,0.03394937515258789,0.04021811485290527,15.121222734451294,1.0000000000000002
183,15.140658140182495,0.03422236442565918,0.04189729690551758,15.225965738296509,1.0000000000000002
184,15.16262698173523,0.035555362701416016,0.042159318923950195,15.24965786933899,1.0000000000000002
185,15.263337135314941,0.03579854965209961,0.04345870018005371,15.351971864700317,1.0000000000000002
186,15.305577278137207,0.03702545166015625,0.04373574256896973,15.395853757858276,1.0000000000000002
187,15.424660205841064,0.0372776985168457,0.04401254653930664,15.515520811080933,1.0000000000000002
188,15.551422119140625,0.03752636909484863,0.04431962966918945,15.642896890640259,1.0000000000000002
189,15.551422119140625,0.0377802848815918,0.04431962966918945,15.643162727355957,1.0000000000000002
190,15.678467988967896,0.03802227973937988,0.04465961456298828,15.770834922790527,1.0000000000000002
191,15.808783292770386,0.03827714920043945,0.046387672424316406,15.903195858001709,1.0000000000000002
192,15.915576219558716,0.03857135772705078,0.04760885238647461,16.011569023132324,1.0000000000000002
193,16.04397439956665,0.03948330879211426,0.047931671142578125,16.141321897506714,1.0000000000000002
194,16.04397439956665,0.03976750373840332,0.047931671142578125,16.141618013381958,1.0000000000000002
195,16.171425342559814,0.04003763198852539,0.04821467399597168,16.269681930541992,1.0000000000000002
196,16.171425342559814,0.04031944274902344,0.04821467399597168,16.26997685432434,1.0000000000000002
197,16.171425342559814,0.04058957099914551,0.04821467399597168,16.27024793624878,1.0000000000000002
198,16.171425342559814,0.04085946083068848,0.04821467399597168,16.27051877975464,1.0000000000000002
199,16.19111156463623,0.04112958908081055,0.04849052429199219,16.29078483581543,0.9000000000000002
200,16.31646466255188,0.041382789611816406,0.04880857467651367,16.41675877571106,0.9000000000000002
201,16.441584825515747,0.04164290428161621,0.0491335391998291,16.542521953582764,0.9000000000000002
202,16.441584825515747,0.04190492630004883,0.0491335391998291,16.54279589653015,0.9000000000000002
203,16.441584825515747,0.042160987854003906,0.0491335391998291,16.54305386543274,0.9000000000000002
204,16.57308077812195,0.042413949966430664,0.04948568344116211,16.6752028465271,0.9000000000000002
205,16.672844648361206,0.04267573356628418,0.05159354209899902,16.777402877807617,0.9000000000000002
206,16.69737458229065,0.043703556060791016,0.051889896392822266,16.803374767303467,0.9000000000000002
207,16.82883882522583,0.0439915657043457,0.05334162712097168,16.936643600463867,0.9000000000000002
208,16.93910789489746,0.04426693916320801,0.05364680290222168,17.047536849975586,0.9000000000000002
209,17.068715810775757,0.04455089569091797,0.05391883850097656,17.17781352996826,0.4
210,17.090243816375732,0.04568982124328613,0.05421900749206543,17.200880765914917,0.4
211,17.19465661048889,0.04595589637756348,0.05535626411437988,17.306751489639282,0.4
212,17.324775457382202,0.0465700626373291,0.05565953254699707,17.437939405441284,0.4
213,17.4553964138031,0.04730701446533203,0.05596160888671875,17.569750547409058,0.4
214,17.474520444869995,0.048374176025390625,0.056275367736816406,17.59035348892212,0.4
215,17.474520444869995,0.048645973205566406,0.056275367736816406,17.590633392333984,0.4
216,17.607345581054688,0.048913002014160156,0.0565953254699707,17.724088668823242,0.4
217,17.712425708770752,0.04918789863586426,0.056914329528808594,17.82980251312256,0.4
218,17.712425708770752,0.049479007720947266,0.056914329528808594,17.83010458946228,0.4
219,17.712425708770752,0.04976987838745117,0.056914329528808594,17.8303964138031,0.4
220,17.712425708770752,0.05006003379821777,0.056914329528808594,17.830687522888184,0.4
221,17.843480825424194,0.050350189208984375,0.05720233917236328,17.96237850189209,0.4
222,17.843480825424194,0.05065131187438965,0.05720233917236328,17.962689638137817,0.4
223,17.843480825424194,0.050942420959472656,0.05720233917236328,17.962981700897217,0.4
224,17.97883701324463,0.051236629486083984,0.057491302490234375,18.098976612091064,0.4
225,18.077212810516357,0.05153656005859375,0.05951046943664551,18.199748754501343,0.4
226,18.20913290977478,0.05361437797546387,0.05984663963317871,18.334256649017334,0.4
227,18.231756925582886,0.05398058891296387,0.060147762298583984,18.357595443725586,0.4
228,18.333119869232178,0.054271697998046875,0.061087608337402344,18.460232496261597,0.4
229,18.376161813735962,0.0551457405090332,0.06144285202026367,18.504610538482666,0.4
230,18.488703966140747,0.05544090270996094,0.06175994873046875,18.61781668663025,0.4
231,18.488703966140747,0.05573463439941406,0.06175994873046875,18.61812162399292,0.4
232,18.588735818862915,0.05602550506591797,0.06392383575439453,18.720683574676514,0.4
233,18.717076778411865,0.05763649940490723,0.06425595283508301,18.851194620132446,0.4
234,18.744959831237793,0.059711456298828125,0.06459212303161621,18.881627559661865,0.4
235,18.87571382522583,0.06001734733581543,0.0658113956451416,19.013978481292725,0.4
236,19.004846811294556,0.0603182315826416,0.0661773681640625,19.143839597702026,0.049999999999999954
237,19.099969625473022,0.06062912940979004,0.06665658950805664,19.23979878425598,0.049999999999999954
238,19.099969625473022,0.061045169830322266,0.06665658950805664,19.240229606628418,0.049999999999999954
239,19.126941680908203,0.06145644187927246,0.06697654724121094,19.267980813980103,0.049999999999999954
240,19.144239902496338,0.06175851821899414,0.06727838516235352,19.285918712615967,0.049999999999999954
241,19.273616790771484,0.06205344200134277,0.06760644912719727,19.41595768928528,0.049999999999999954
242,19.273616790771484,0.06235837936401367,0.06760644912719727,19.416273593902588,0.049999999999999954
243,19.49628758430481,0.06265521049499512,0.0679464340209961,19.63965368270874,0.049999999999999954
244,19.49628758430481,0.06304812431335449,0.0679464340209961,19.64005970954895,0.049999999999999954
245,19.49628758430481,0.06342315673828125,0.0679464340209961,19.64043664932251,0.049999999999999954
246,19.49628758430481,0.06379914283752441,0.0679464340209961,19.64081382751465,0.049999999999999954
247,19.629444360733032,0.0641779899597168,0.06826639175415039,19.774786710739136,0.049999999999999954
248,19.654284477233887,0.06589698791503906,0.06860637664794922,19.80180263519287,0.049999999999999954
249,19.783021688461304,0.06620907783508301,0.0689842700958252,19.93130660057068,0.049999999999999954
250,19.898188591003418,0.06652498245239258,0.06932711601257324,20.04717755317688,0.049999999999999954
251,19.915952682495117,0.06683111190795898,0.0696401596069336,20.065606594085693,0.049999999999999954
252,20.022300720214844,0.0671379566192627,0.0699911117553711,20.172643423080444,0.049999999999999954
253,20.140307903289795,0.06745290756225586,0.07030320167541504,20.29134440422058,0.049999999999999954
254,20.16009020805359,0.06781005859375,0.07062792778015137,20.311851739883423,0.049999999999999954
255,20.16009020805359,0.0681159496307373,0.07062792778015137,20.31216549873352,0.049999999999999954
256,20.286586046218872,0.0684211254119873,0.07101702690124512,20.439408540725708,0.049999999999999954
257,20.393989086151123,0.06873488426208496,0.07141375541687012,20.5475754737854,0.049999999999999954
258,20.393989086151123,0.06909990310668945,0.07141375541687012,20.54795241355896,0.049999999999999954
259,20.393989086151123,0.06946277618408203,0.07141375541687012,20.548317670822144,0.049999999999999954
260,20.41234803199768,0.06982755661010742,0.07173657417297363,20.56740164756775,0.049999999999999954
261,20.516244173049927,0.07013845443725586,0.07216978073120117,20.67207360267639,0.049999999999999954
262,20.637087106704712,0.07053971290588379,0.07250070571899414,20.79372549057007,0.049999999999999954
263,20.663320064544678,0.07100582122802734,0.07285284996032715,20.820830583572388,0.049999999999999954
264,20.76527500152588,0.07132887840270996,0.073333740234375,20.923643589019775,0.049999999999999954
265,20.76527500152588,0.07177877426147461,0.073333740234375,20.924108505249023,0.049999999999999954
266,20.7913019657135,0.07222270965576172,0.07368350028991699,20.950974702835083,0.049999999999999954
267,20.915997743606567,0.07255387306213379,0.07403564453125,21.07642149925232,0.049999999999999954
268,21.023483753204346,0.07290101051330566,0.07455086708068848,21.184816598892212,0.049999999999999954
269,21.045914888381958,0.07333898544311523,0.07490110397338867,21.208091497421265,0.049999999999999954
270,21.065698862075806,0.07369279861450195,0.07523727416992188,21.228601455688477,0.049999999999999954
271,21.065698862075806,0.07401275634765625,0.07523727416992188,21.228942394256592,0.049999999999999954
272,21.16735577583313,0.07433557510375977,0.07560133934020996,21.331318616867065,0.049999999999999954
273,21.18879985809326,0.07467269897460938,0.075958251953125,21.35350251197815,0.049999999999999954
274,21.294387817382812,0.07500863075256348,0.0763401985168457,21.4598445892334,0.049999999999999954
275,21.31208300590515,0.07536172866821289,0.07668614387512207,21.478283643722534,0.049999999999999954
276,21.31208300590515,0.07568788528442383,0.07668614387512207,21.478614568710327,0.049999999999999954
277,21.31208300590515,0.07601809501647949,0.07668614387512207,21.4789457321167,0.049999999999999954
278,21.420292854309082,0.07637691497802734,0.07707333564758301,21.587931632995605,0.049999999999999954
279,21.54965877532959,0.07673001289367676,0.07743430137634277,21.71808171272278,0.049999999999999954
280,21.570339918136597,0.07710003852844238,0.07778215408325195,21.739522457122803,0.049999999999999954
281,21.570339918136597,0.07743310928344727,0.07778215408325195,21.739861726760864,0.049999999999999954
282,21.570339918136597,0.07776594161987305,0.07778215408325195,21.740195512771606,0.049999999999999954
283,21.570339918136597,0.07809686660766602,0.07778215408325195,21.74052858352661,0.049999999999999954
284,21.570339918136597,0.07842683792114258,0.07778215408325195,21.74086046218872,0.049999999999999954
285,21.570339918136597,0.07875895500183105,0.07778215408325195,21.74119257926941,0.049999999999999954
286,21.693400621414185,0.07908987998962402,0.07817220687866211,21.865022659301758,0.049999999999999954
287,21.79907751083374,0.07942986488342285,0.07953810691833496,21.972463369369507,0.049999999999999954
288,21.929635524749756,0.08072876930236816,0.07990312576293945,22.104808568954468,0.049999999999999954
289,22.055652379989624,0.08109664916992188,0.08025431632995605,22.231677532196045,0.049999999999999954
290,22.18289017677307,0.08276748657226562,0.0806424617767334,22.361114501953125,0.049999999999999954
291,22.307129383087158,0.0831756591796875,0.08100152015686035,22.48620343208313,0.049999999999999954
292,22.334505319595337,0.08358955383300781,0.08139371871948242,22.51443862915039,0.049999999999999954
293,22.43926429748535,0.08394575119018555,0.08182668685913086,22.62003445625305,0.049999999999999954
294,22.458057165145874,0.08434772491455078,0.08218193054199219,22.639631509780884,0.049999999999999954
295,22.587965965270996,0.08469247817993164,0.08261585235595703,22.770362377166748,0.049999999999999954
296,22.698338985443115,0.08504962921142578,0.08302664756774902,22.881545543670654,0.049999999999999954
297,22.698338985443115,0.08542776107788086,0.08302664756774902,22.881937265396118,0.049999999999999954
298,22.720290184020996,0.08580589294433594,0.0833885669708252,22.904666423797607,0.049999999999999954
299,22.827481985092163,0.08615994453430176,0.08377552032470703,23.012633323669434,0.049999999999999954
300,22.85073184967041,0.08651900291442871,0.08414363861083984,23.03665328025818,0.049999999999999954
301,22.97589898109436,0.08687090873718262,0.08456063270568848,23.16265034675598,0.049999999999999954
302,23.08414912223816,0.08727312088012695,0.08497047424316406,23.271764516830444,0.049999999999999954
303,23.104026079177856,0.08765244483947754,0.0853571891784668,23.292452573776245,0.049999999999999954
304,23.23373007774353,0.08801746368408203,0.08580923080444336,23.423030614852905,0.049999999999999954
305,23.23373007774353,0.08839058876037598,0.08580923080444336,23.423415660858154,0.049999999999999954
306,23.23373007774353,0.08874678611755371,0.08580923080444336,23.423773765563965,0.049999999999999954
307,23.338550090789795,0.08910489082336426,0.08626127243041992,23.529441595077515,0.049999999999999954
308,23.35950803756714,0.08952069282531738,0.08676695823669434,23.551371574401855,0.049999999999999954
309,23.46336007118225,0.09016585350036621,0.08729171752929688,23.656455755233765,0.049999999999999954
310,23.46336007118225,0.09058189392089844,0.08729171752929688,23.656883716583252,0.049999999999999954
311,23.46336007118225,0.09100103378295898,0.08729171752929688,23.657304763793945,0.049999999999999954
312,23.46336007118225,0.09141707420349121,0.08729171752929688,23.65772271156311,0.049999999999999954
313,23.48664903640747,0.09185004234313965,0.08766794204711914,23.681857585906982,0.049999999999999954
314,23.48664903640747,0.09221386909484863,0.08766794204711914,23.68222951889038,0.049999999999999954
315,23.588909149169922,0.09257292747497559,0.08812499046325684,23.785338640213013,0.049999999999999954
316,23.588909149169922,0.09299492835998535,0.08812499046325684,23.78577160835266,0.049999999999999954
317,23.60884714126587,0.09341979026794434,0.08850526809692383,23.806549549102783,0.049999999999999954
318,23.712783336639404,0.09379363059997559,0.08902525901794434,23.911420822143555,0.049999999999999954
319,23.734041213989258,0.09425950050354004,0.08942222595214844,23.933595657348633,0.049999999999999954
320,23.734041213989258,0.09463977813720703,0.08942222595214844,23.933980703353882,0.049999999999999954
321,23.833956241607666,0.09502387046813965,0.09207630157470703,24.036979913711548,0.049999999999999954
322,23.833956241607666,0.09667301177978516,0.09207630157470703,24.038752555847168,0.049999999999999954
323,23.833956241607666,0.09721899032592773,0.09207630157470703,24.039308786392212,0.049999999999999954
324,23.8582501411438,0.09768962860107422,0.09247517585754395,24.064526796340942,0.049999999999999954
325,23.990737676620483,0.09805965423583984,0.09502840042114258,24.19999670982361,0.049999999999999954
326,23.990737676620483,0.09843850135803223,0.09502840042114258,24.200385570526123,0.049999999999999954
327,23.990737676620483,0.09880661964416504,0.09502840042114258,24.20075488090515,0.049999999999999954
328,24.116188764572144,0.09917378425598145,0.09549522399902344,24.327088832855225,0.049999999999999954
329,24.24469256401062,0.09954190254211426,0.09639239311218262,24.456920623779297,0.049999999999999954
330,24.35147976875305,0.09992790222167969,0.09686040878295898,24.56460666656494,0.049999999999999954
331,24.374895811080933,0.10036683082580566,0.09725069999694824,24.58889865875244,0.049999999999999954
332,24.476480722427368,0.10074186325073242,0.09777259826660156,24.69142246246338,0.049999999999999954
333,24.50156545639038,0.10121393203735352,0.09818482398986816,24.71744155883789,0.049999999999999954
334,24.62243342399597,0.10158896446228027,0.09866070747375488,24.839219331741333,0.049999999999999954
335,24.745631456375122,0.10199880599975586,0.09920668601989746,24.96344232559204,0.049999999999999954
336,24.873345375061035,0.10239291191101074,0.10114383697509766,25.093551635742188,0.049999999999999954
337,24.873345375061035,0.10279607772827148,0.10114383697509766,25.09396457672119,0.049999999999999954
338,24.978698253631592,0.10317611694335938,0.10302567481994629,25.201630353927612,0.049999999999999954
339,25.002719402313232,0.10437798500061035,0.10346174240112305,25.22740340232849,0.049999999999999954
340,25.002719402313232,0.10476398468017578,0.10346174240112305,25.227798461914062,0.049999999999999954
341,25.105663299560547,0.10514497756958008,0.10399389266967773,25.33169436454773,0.049999999999999954
342,25.105663299560547,0.10563492774963379,0.10399389266967773,25.332195281982422,0.049999999999999954
343,25.105663299560547,0.10612297058105469,0.10399389266967773,25.332685470581055,0.049999999999999954
344,25.105663299560547,0.10660886764526367,0.10399389266967773,25.33317232131958,0.049999999999999954
345,25.231264352798462,0.1071007251739502,0.10439085960388184,25.459731340408325,0.049999999999999954
346,25.351887226104736,0.10761451721191406,0.10480690002441406,25.58143138885498,0.049999999999999954
347,25.351887226104736,0.11025857925415039,0.10480690002441406,25.58410406112671,0.049999999999999954
348,25.351887226104736,0.11168479919433594,0.10480690002441406,25.585540056228638,0.049999999999999954
349,25.3747980594635,0.11262369155883789,0.10522675514221191,25.609889268875122,0.049999999999999954
350,25.3747980594635,0.11302566528320312,0.10522675514221191,25.61030125617981,0.049999999999999954
351,25.506057739257812,0.11342883110046387,0.10786080360412598,25.74467635154724,0.049999999999999954
352,25.603657722473145,0.11385488510131836,0.10945367813110352,25.844357013702393,0.049999999999999954
353,25.603657722473145,0.1154942512512207,0.10945367813110352,25.84601926803589,0.049999999999999954
354,25.628950834274292,0.11671113967895508,0.109893798828125,25.873051404953003,0.049999999999999954
355,25.76062512397766,0.11712336540222168,0.11120176315307617,26.006511449813843,0.049999999999999954
356,25.76062512397766,0.11754655838012695,0.11120176315307617,26.006945610046387,0.049999999999999954
357,25.86525821685791,0.11796164512634277,0.1128227710723877,26.113664627075195,0.049999999999999954
358,25.86525821685791,0.1194298267364502,0.1128227710723877,26.115160703659058,0.049999999999999954
359,25.885982036590576,0.12076592445373535,0.11327290534973145,26.137751579284668,0.049999999999999954
360,25.885982036590576,0.12118077278137207,0.11327290534973145,26.13818049430847,0.049999999999999954
361,25.995110988616943,0.12157297134399414,0.1137688159942627,26.24823236465454,0.049999999999999954
362,26.126302242279053,0.1220390796661377,0.11421871185302734,26.38040852546692,0.049999999999999954
363,26.26359486579895,0.12249279022216797,0.11465573310852051,26.51869535446167,0.049999999999999954
364,26.281330823898315,0.12384176254272461,0.1151576042175293,26.538376569747925,0.049999999999999954
365,26.392502546310425,0.12427473068237305,0.11560559272766113,26.65047550201416,0.049999999999999954
366,26.51011872291565,0.1246955394744873,0.11602330207824707,26.76899743080139,0.049999999999999954
367,26.51011872291565,0.1251664161682129,0.11602330207824707,26.76947832107544,0.049999999999999954
368,26.632190704345703,0.1256086826324463,0.1164553165435791,26.892483472824097,0.049999999999999954
369,26.632190704345703,0.12607169151306152,0.1164553165435791,26.89295744895935,0.049999999999999954
370,26.632190704345703,0.12650680541992188,0.1164553165435791,26.893394470214844,0.049999999999999954
371,26.632190704345703,0.1269397735595703,0.1164553165435791,26.893829345703125,0.049999999999999954
372,26.632190704345703,0.12737393379211426,0.1164553165435791,26.89426350593567,0.049999999999999954
373,26.75185489654541,0.12781190872192383,0.11687922477722168,27.01487159729004,0.049999999999999954
374,26.75185489654541,0.12831568717956543,0.11687922477722168,27.01538634300232,0.049999999999999954
375,26.775718927383423,0.12879467010498047,0.1173102855682373,27.040204524993896,0.049999999999999954
376,26.88012719154358,0.12920784950256348,0.11782717704772949,27.145578622817993,0.049999999999999954
377,26.88012719154358,0.129685640335083,0.11782717704772949,27.146068572998047,0.049999999999999954
378,26.88012719154358,0.13016462326049805,0.11782717704772949,27.14654850959778,0.049999999999999954
379,27.007080078125,0.13067841529846191,0.11824727058410645,27.274500370025635,0.049999999999999954
380,27.02776002883911,0.13124561309814453,0.11869335174560547,27.296257495880127,0.049999999999999954
381,27.162967205047607,0.13167262077331543,0.12038230895996094,27.433635711669922,0.049999999999999954
382,27.162967205047607,0.13212895393371582,0.12038230895996094,27.434103965759277,0.049999999999999954
383,27.267778158187866,0.13253998756408691,0.12090134620666504,27.539880752563477,0.049999999999999954
384,27.292546033859253,0.13303375244140625,0.12135934829711914,27.56564974784851,0.049999999999999954
385,27.396881818771362,0.13347601890563965,0.12182235717773438,27.67093586921692,0.049999999999999954
386,27.415836811065674,0.13390588760375977,0.12227511405944824,27.690815925598145,0.049999999999999954
387,27.5207679271698,0.1343250274658203,0.12277412414550781,27.7966947555542,0.049999999999999954
388,27.54163098335266,0.13477802276611328,0.12322592735290527,27.818509578704834,0.049999999999999954
389,27.645278930664062,0.13519906997680664,0.12375998497009277,27.923152685165405,0.049999999999999954
390,27.771910905838013,0.13569211959838867,0.1242210865020752,28.05081081390381,0.049999999999999954
391,27.894702196121216,0.13621211051940918,0.12466096878051758,28.174633741378784,0.049999999999999954
392,28.024724006652832,0.13677692413330078,0.1251232624053955,28.305763006210327,0.049999999999999954
393,28.024724006652832,0.13729596138000488,0.1251232624053955,28.30629277229309,0.049999999999999954
394,28.152023792266846,0.13779211044311523,0.12560749053955078,28.43464183807373,0.049999999999999954
395,28.275346040725708,0.13836240768432617,0.12610530853271484,28.55911374092102,0.049999999999999954
396,28.399307012557983,0.13893651962280273,0.12657618522644043,28.684199810028076,0.049999999999999954
397,28.44325017929077,0.1395716667175293,0.12704801559448242,28.729315757751465,0.049999999999999954
398,28.656468152999878,0.14000654220581055,0.12755084037780762,28.943543910980225,0.049999999999999954
399,28.656468152999878,0.14064478874206543,0.12755084037780762,28.944194555282593,0.049999999999999954
400,28.656468152999878,0.14125585556030273,0.12755084037780762,28.944807767868042,0.049999999999999954
401,28.787334442138672,0.1418318748474121,0.12803864479064941,29.076806783676147,0.049999999999999954
402,28.787334442138672,0.14247488975524902,0.12803864479064941,29.077461004257202,0.049999999999999954
403,28.80998945236206,0.14308881759643555,0.12851858139038086,29.101252794265747,0.049999999999999954
404,28.919934272766113,0.14354205131530762,0.12912964820861816,29.212302684783936,0.049999999999999954
405,28.919934272766113,0.14414334297180176,0.12912964820861816,29.212915897369385,0.049999999999999954
406,28.919934272766113,0.1446702480316162,0.12912964820861816,29.213444709777832,0.049999999999999954
407,28.945508241653442,0.14522123336791992,0.1296248435974121,29.240103721618652,0.049999999999999954
408,29.049379587173462,0.14568710327148438,0.13020896911621094,29.345073699951172,0.049999999999999954
409,29.049379587173462,0.14621710777282715,0.13020896911621094,29.345613718032837,0.049999999999999954
410,29.049379587173462,0.14673519134521484,0.13020896911621094,29.346134901046753,0.049999999999999954
411,29.077783823013306,0.14726519584655762,0.1306908130645752,29.375592947006226,0.049999999999999954
412,29.208143711090088,0.1477041244506836,0.13119077682495117,29.50696873664856,0.049999999999999954
413,29.208143711090088,0.14816927909851074,0.13119077682495117,29.507444858551025,0.049999999999999954
414,29.416118621826172,0.14867830276489258,0.13174700736999512,29.716564893722534,0.049999999999999954
415,29.54835057258606,0.14941024780273438,0.13221406936645508,29.850082874298096,0.049999999999999954
416,29.5704185962677,0.15000605583190918,0.13270020484924316,29.873283863067627,0.049999999999999954
417,29.67881965637207,0.15046906471252441,0.13334321975708008,29.982837915420532,0.049999999999999954
418,29.67881965637207,0.1510460376739502,0.13334321975708008,29.98342776298523,0.049999999999999954
419,29.804117679595947,0.15161895751953125,0.13383030891418457,30.109855890274048,0.049999999999999954
420,29.92663073539734,0.15221309661865234,0.134324312210083,30.233531951904297,0.049999999999999954
421,29.952486753463745,0.15287208557128906,0.13482928276062012,30.260602951049805,0.049999999999999954
422,30.07481551170349,0.15334224700927734,0.13530611991882324,30.383946895599365,0.049999999999999954
423,30.096280574798584,0.15385723114013672,0.13583111763000488,30.40650200843811,0.049999999999999954
424,30.219767093658447,0.15436339378356934,0.13640403747558594,30.53112506866455,0.049999999999999954
425,30.3218252658844,0.15485739707946777,0.1370258331298828,30.63434672355652,0.049999999999999954
426,30.34665822982788,0.15540337562561035,0.13754892349243164,30.660300731658936,0.049999999999999954
427,30.469881057739258,0.15586352348327637,0.13812494277954102,30.784610748291016,0.049999999999999954
428,30.594630241394043,0.15636062622070312,0.13878703117370605,30.910588026046753,0.049999999999999954
429,30.594630241394043,0.15685367584228516,0.13878703117370605,30.911092042922974,0.049999999999999954
430,30.697310209274292,0.15732884407043457,0.13947510719299316,31.014972925186157,0.049999999999999954
431,30.722936391830444,0.15798091888427734,0.1400012969970703,31.041828870773315,0.049999999999999954
432,30.82318353652954,0.1584620475769043,0.1406993865966797,31.14329195022583,0.049999999999999954
433,30.86765766143799,0.15912199020385742,0.14121651649475098,31.18900489807129,0.049999999999999954
434,30.972649574279785,0.15959596633911133,0.14174675941467285,31.295042991638184,0.049999999999999954
435,30.993537425994873,0.16010212898254395,0.1422419548034668,31.31697177886963,0.049999999999999954
436,31.120550394058228,0.16058635711669922,0.14282798767089844,31.445115089416504,0.049999999999999954
437,31.25121831893921,0.1610705852508545,0.14337396621704102,31.576879024505615,0.049999999999999954
438,31.360862970352173,0.1615915298461914,0.1439671516418457,31.687685012817383,0.049999999999999954
439,31.360862970352173,0.16213440895080566,0.1439671516418457,31.688238859176636,0.049999999999999954
440,31.37968897819519,0.1626434326171875,0.14445805549621582,31.70810103416443,0.049999999999999954
441,31.487889051437378,0.16313862800598145,0.1450028419494629,31.817370891571045,0.049999999999999954
442,31.593260049819946,0.1636676788330078,0.14751672744750977,31.92586088180542,0.049999999999999954
443,31.593260049819946,0.16575860977172852,0.14751672744750977,31.928003787994385,0.049999999999999954
444,31.71748113632202,0.16666865348815918,0.14802861213684082,32.05388879776001,0.049999999999999954
445,31.8433735370636,0.17009592056274414,0.1485757827758789,32.1840386390686,0.049999999999999954
446,31.86940336227417,0.17281293869018555,0.14911508560180664,32.2134575843811,0.049999999999999954
447,31.968897104263306,0.1732959747314453,0.14987635612487793,32.314239740371704,0.049999999999999954
448,32.09804439544678,0.1739821434020996,0.15041708946228027,32.44469690322876,0.049999999999999954
449,32.12274432182312,0.17464518547058105,0.1509537696838379,32.47064781188965,0.049999999999999954
450,32.12274432182312,0.17515301704406738,0.1509537696838379,32.47116684913635,0.049999999999999954
451,32.12274432182312,0.17565393447875977,0.1509537696838379,32.47166872024536,0.049999999999999954
452,32.22636342048645,0.17615914344787598,0.15400171279907227,32.57888984680176,0.049999999999999954
453,32.22636342048645,0.1768040657043457,0.15400171279907227,32.57954788208008,0.049999999999999954
454,32.35170269012451,0.17743325233459473,0.15452265739440918,32.70617961883545,0.049999999999999954
455,32.35170269012451,0.18039822578430176,0.15452265739440918,32.709176540374756,0.049999999999999954
456,32.47567057609558,0.18166136741638184,0.15503573417663574,32.83505082130432,0.049999999999999954
457,32.60164284706116,0.18240118026733398,0.15556669235229492,32.96238160133362,0.049999999999999954
458,32.73220682144165,0.18312525749206543,0.1561117172241211,33.09429955482483,0.049999999999999954
459,32.86072111129761,0.18390321731567383,0.15668249130249023,33.22430348396301,0.049999999999999954
460,32.86072111129761,0.18601632118225098,0.15668249130249023,33.22644233703613,0.049999999999999954
461,32.88309693336487,0.18681836128234863,0.15723156929016113,33.250242471694946,0.049999999999999954
462,32.9890341758728,0.1873335838317871,0.15798640251159668,33.35749340057373,0.049999999999999954
463,32.9890341758728,0.1879878044128418,0.15798640251159668,33.35815954208374,0.049999999999999954
464,33.01376914978027,0.18861889839172363,0.15854859352111816,33.384127378463745,0.049999999999999954
465,33.01376914978027,0.18915104866027832,0.15854859352111816,33.38466835021973,0.049999999999999954
466,33.11195707321167,0.18967390060424805,0.16092658042907715,33.4858124256134,0.049999999999999954
467,33.24372696876526,0.19117498397827148,0.16158652305603027,33.61991238594055,0.049999999999999954
468,33.24372696876526,0.19295215606689453,0.16158652305603027,33.621713399887085,0.049999999999999954
469,33.26415681838989,0.19358229637145996,0.16214776039123535,33.64340138435364,0.049999999999999954
470,33.36720108985901,0.19408941268920898,0.16278362274169922,33.747620582580566,0.049999999999999954
471,33.38804602622986,0.19473648071289062,0.16332459449768066,33.76970052719116,0.049999999999999954
472,33.51708674430847,0.19524121284484863,0.1639845371246338,33.89996838569641,0.049999999999999954
473,33.64305758476257,0.19577336311340332,0.1646735668182373,34.027217388153076,0.049999999999999954
474,33.77069973945618,0.19629311561584473,0.16659140586853027,34.15736436843872,0.049999999999999954
475,33.87494087219238,0.19684910774230957,0.16873431205749512,34.264365434646606,0.049999999999999954
476,34.003005027770996,0.1978621482849121,0.1692821979522705,34.39416742324829,0.049999999999999954
477,34.003005027770996,0.20050644874572754,0.1692821979522705,34.39683723449707,0.049999999999999954
478,34.13431477546692,0.20264339447021484,0.16983723640441895,34.53095626831055,0.049999999999999954
479,34.13431477546692,0.20328855514526367,0.16983723640441895,34.5316162109375,0.049999999999999954
480,34.157421827316284,0.2038865089416504,0.17044615745544434,34.555968284606934,0.049999999999999954
481,34.26043510437012,0.20442676544189453,0.17110133171081543,34.660218238830566,0.049999999999999954
482,34.26043510437012,0.20502996444702148,0.17110133171081543,34.66083335876465,0.049999999999999954
483,34.26043510437012,0.2056429386138916,0.17110133171081543,34.66144824028015,0.049999999999999954
484,34.26043510437012,0.20624470710754395,0.17110133171081543,34.6620512008667,0.049999999999999954
485,34.28550910949707,0.20684170722961426,0.17165541648864746,34.688316345214844,0.049999999999999954
486,34.391212940216064,0.20741772651672363,0.1722583770751953,34.79524540901184,0.049999999999999954
487,34.391212940216064,0.20800209045410156,0.1722583770751953,34.795841693878174,0.049999999999999954
488,34.391212940216064,0.20856118202209473,0.1722583770751953,34.79640579223633,0.049999999999999954
489,34.4112389087677,0.20911312103271484,0.17279934883117676,34.81756782531738,0.049999999999999954
490,34.520573139190674,0.20963335037231445,0.17340731620788574,34.928067445755005,0.049999999999999954
491,34.65189528465271,0.2101881504058838,0.17452359199523926,35.0611367225647,0.049999999999999954
492,34.75550413131714,0.21077823638916016,0.17723774909973145,35.168107748031616,0.049999999999999954
493,34.883031129837036,0.21154522895812988,0.17781281471252441,35.297083616256714,0.049999999999999954
494,34.90920114517212,0.21228647232055664,0.17841362953186035,35.324668645858765,0.049999999999999954
495,35.03414511680603,0.21284151077270508,0.179215669631958,35.451045513153076,0.049999999999999954
496,35.16297125816345,0.21346068382263184,0.18001365661621094,35.581387758255005,0.049999999999999954
497,35.26736044883728,0.21402764320373535,0.18343353271484375,35.689836502075195,0.049999999999999954
498,35.39500641822815,0.2156674861907959,0.18400144577026367,35.81991171836853,0.049999999999999954
499,35.527684450149536,0.21876263618469238,0.18459224700927734,35.95646786689758,0.049999999999999954
500,35.66074776649475,0.21941566467285156,0.18525433540344238,36.0909218788147,0.049999999999999954
501,35.66074776649475,0.22006678581237793,0.18525433540344238,36.09158396720886,0.049999999999999954
502,35.66074776649475,0.22072291374206543,0.18525433540344238,36.09224224090576,0.049999999999999954
503,35.66074776649475,0.2213578224182129,0.18525433540344238,36.09287905693054,0.049999999999999954
504,35.66074776649475,0.22192764282226562,0.18525433540344238,36.093448877334595,0.049999999999999954
505,35.79582190513611,0.22253847122192383,0.18584132194519043,36.2297899723053,0.049999999999999954
506,35.79582190513611,0.2231426239013672,0.18584132194519043,36.230406045913696,0.049999999999999954
507,35.79582190513611,0.22371649742126465,0.18584132194519043,36.230982065200806,0.049999999999999954
508,35.79582190513611,0.22433924674987793,0.18584132194519043,36.231608152389526,0.049999999999999954
509,35.89388108253479,0.22493243217468262,0.18674135208129883,36.33121395111084,0.049999999999999954
510,35.89388108253479,0.22569632530212402,0.18674135208129883,36.331990003585815,0.049999999999999954
511,35.920267820358276,0.22645235061645508,0.18733930587768555,36.35977911949158,0.049999999999999954
512,36.04652190208435,0.22701787948608398,0.18816852569580078,36.48749303817749,0.049999999999999954
513,36.173036098480225,0.2275850772857666,0.18891453742980957,36.61538290977478,0.049999999999999954
514,36.27489399909973,0.22814416885375977,0.19080567359924316,36.719746828079224,0.049999999999999954
515,36.296363830566406,0.22907710075378418,0.19136643409729004,36.74283194541931,0.049999999999999954
516,36.296363830566406,0.22962522506713867,0.19136643409729004,36.74338698387146,0.049999999999999954
517,36.296363830566406,0.23016715049743652,0.19136643409729004,36.743929862976074,0.049999999999999954
518,36.3982617855072,0.23070526123046875,0.19211244583129883,36.847142934799194,0.049999999999999954
519,36.3982617855072,0.2314002513885498,0.19211244583129883,36.84784984588623,0.049999999999999954
520,36.52302861213684,0.23216629028320312,0.1927025318145752,36.97404384613037,0.049999999999999954
521,36.55169367790222,0.2328333854675293,0.19331836700439453,37.00404381752014,0.049999999999999954
522,36.65617871284485,0.23340058326721191,0.1939835548400879,37.10981273651123,0.049999999999999954
523,36.67886281013489,0.23398852348327637,0.19460439682006836,37.133763790130615,0.049999999999999954
524,36.889625549316406,0.23456263542175293,0.19519972801208496,37.345770597457886,0.049999999999999954
525,37.02038645744324,0.23514485359191895,0.19579768180847168,37.47778272628784,0.049999999999999954
526,37.02038645744324,0.23586201667785645,0.19579768180847168,37.47851085662842,0.049999999999999954
527,37.1507363319397,0.23656821250915527,0.19638657569885254,37.61021566390991,0.049999999999999954
528,37.17155838012695,0.23725223541259766,0.19701170921325684,37.63239574432373,0.049999999999999954
529,37.26983833312988,0.23783016204833984,0.19777464866638184,37.73206686973572,0.049999999999999954
530,37.26983833312988,0.2385423183441162,0.19777464866638184,37.732791900634766,0.049999999999999954
531,37.29566240310669,0.2391984462738037,0.198380708694458,37.75992965698242,0.049999999999999954
532,37.39592742919922,0.23975658416748047,0.19908952713012695,37.86150765419006,0.049999999999999954
533,37.39592742919922,0.2404167652130127,0.19908952713012695,37.862178802490234,0.049999999999999954
534,37.41878008842468,0.24104571342468262,0.1996915340423584,37.88629984855652,0.049999999999999954
535,37.519980907440186,0.24160051345825195,0.20038676261901855,37.988794803619385,0.049999999999999954
536,37.519980907440186,0.24225950241088867,0.20038676261901855,37.989468812942505,0.049999999999999954
537,37.519980907440186,0.2429356575012207,0.20038676261901855,37.990147829055786,0.049999999999999954
538,37.519980907440186,0.24360179901123047,0.20038676261901855,37.99081873893738,0.049999999999999954
539,37.519980907440186,0.24425268173217773,0.20038676261901855,37.99147176742554,0.049999999999999954
540,37.540271043777466,0.244903564453125,0.20097589492797852,38.01304864883423,0.049999999999999954
541,37.667580127716064,0.24546480178833008,0.20166993141174316,38.14167380332947,0.049999999999999954
542,37.77327609062195,0.24607276916503906,0.2023918628692627,38.24874472618103,0.049999999999999954
543,37.899948835372925,0.24674367904663086,0.2030029296875,38.37677884101868,0.049999999999999954
544,37.92774963378906,0.2473735809326172,0.20363306999206543,38.40589880943298,0.049999999999999954
545,38.046353578567505,0.24796462059020996,0.20425915718078613,38.525797605514526,0.049999999999999954
546,38.046353578567505,0.24863052368164062,0.20425915718078613,38.52647662162781,0.049999999999999954
547,38.15133762359619,0.24923348426818848,0.20502305030822754,38.63287878036499,0.049999999999999954
548,38.15133762359619,0.24993062019348145,0.20502305030822754,38.633588790893555,0.049999999999999954
549,38.15133762359619,0.2505977153778076,0.20502305030822754,38.634257793426514,0.049999999999999954
550,38.15133762359619,0.25126075744628906,0.20502305030822754,38.63492274284363,0.049999999999999954
551,38.278484582901,0.2519388198852539,0.20566892623901367,38.7634596824646,0.049999999999999954
552,38.40286731719971,0.2526547908782959,0.20627617835998535,38.889240741729736,0.049999999999999954
553,38.426143169403076,0.25338077545166016,0.20694804191589355,38.91397476196289,0.049999999999999954
554,38.52286911010742,0.25399351119995117,0.2076416015625,39.012062788009644,0.049999999999999954
555,38.54810404777527,0.25460076332092285,0.20834660530090332,39.03866767883301,0.049999999999999954
556,38.652726888656616,0.25517773628234863,0.20908260345458984,39.144651651382446,0.049999999999999954
557,38.67642593383789,0.25584983825683594,0.20972466468811035,39.169718742370605,0.049999999999999954
558,38.80275917053223,0.2564351558685303,0.2104048728942871,39.297380685806274,0.049999999999999954
559,38.910717248916626,0.25704097747802734,0.21113181114196777,39.40671682357788,0.049999999999999954
560,38.93186044692993,0.25766801834106445,0.21173977851867676,39.429136753082275,0.049999999999999954
561,39.03539323806763,0.25827693939208984,0.21249103546142578,39.534061670303345,0.049999999999999954
562,39.03539323806763,0.25894594192504883,0.21249103546142578,39.53474259376526,0.049999999999999954
563,39.03539323806763,0.25957298278808594,0.21249103546142578,39.535372734069824,0.049999999999999954
564,39.03539323806763,0.26019716262817383,0.21249103546142578,39.53599786758423,0.049999999999999954
565,39.056735038757324,0.26082348823547363,0.21310830116271973,39.558616638183594,0.049999999999999954
566,39.056735038757324,0.26142168045043945,0.21310830116271973,39.55922269821167,0.049999999999999954
567,39.18687891960144,0.2620537281036377,0.2137904167175293,39.690738916397095,0.049999999999999954
568,39.41476583480835,0.2626800537109375,0.21444249153137207,39.91998076438904,0.049999999999999954
569,39.41476583480835,0.2633190155029297,0.21444249153137207,39.920631647109985,0.049999999999999954
570,39.54622983932495,0.2639191150665283,0.21510052680969238,40.05339479446411,0.049999999999999954
571,39.67107152938843,0.26453304290771484,0.21573567390441895,40.17955470085144,0.049999999999999954
572,39.67107152938843,0.26520824432373047,0.21573567390441895,40.180240869522095,0.049999999999999954
573,39.775365591049194,0.2658560276031494,0.21663165092468262,40.286128759384155,0.049999999999999954
574,39.775365591049194,0.26670193672180176,0.21663165092468262,40.28699088096619,0.049999999999999954
575,39.775365591049194,0.26753783226013184,0.21663165092468262,40.287829637527466,0.049999999999999954
576,39.775365591049194,0.26837682723999023,0.21663165092468262,40.28866982460022,0.049999999999999954
577,39.802379846572876,0.26921772956848145,0.2172865867614746,40.31722569465637,0.049999999999999954
578,39.93074703216553,0.26985692977905273,0.21810078620910645,40.447115659713745,0.049999999999999954
579,40.035258054733276,0.2705099582672119,0.21899771690368652,40.553223848342896,0.049999999999999954
580,40.15810298919678,0.2713589668273926,0.21963977813720703,40.67764091491699,0.049999999999999954
581,40.15810298919678,0.27218198776245117,0.21963977813720703,40.67848777770996,0.049999999999999954
582,40.28299403190613,0.2729461193084717,0.22028279304504395,40.8048620223999,0.049999999999999954
583,40.28299403190613,0.2737443447113037,0.22028279304504395,40.80567288398743,0.049999999999999954
584,40.41459822654724,0.27451324462890625,0.22092890739440918,40.938801765441895,0.049999999999999954
585,40.43567228317261,0.27602243423461914,0.2215888500213623,40.9621376991272,0.049999999999999954
586,40.56739950180054,0.2766287326812744,0.22234392166137695,41.09528875350952,0.049999999999999954
587,40.692999601364136,0.2772808074951172,0.22395801544189453,41.223217725753784,0.049999999999999954
588,40.81935262680054,0.2779085636138916,0.22478222846984863,41.351083755493164,0.049999999999999954
589,40.81935262680054,0.2785816192626953,0.22478222846984863,41.351767778396606,0.049999999999999954
590,40.81935262680054,0.2791874408721924,0.22478222846984863,41.352378845214844,0.049999999999999954
591,40.92160153388977,0.27982115745544434,0.22552919387817383,41.45605254173279,0.049999999999999954
592,40.92160153388977,0.28052520751953125,0.22552919387817383,41.45676851272583,0.049999999999999954
593,40.94231176376343,0.28122735023498535,0.22619032859802246,41.478877544403076,0.049999999999999954
594,41.04945182800293,0.28186631202697754,0.22695541381835938,41.587456703186035,0.049999999999999954
595,41.04945182800293,0.2825813293457031,0.22695541381835938,41.5881826877594,0.049999999999999954
596,41.06902480125427,0.28323841094970703,0.22758817672729492,41.609081745147705,0.049999999999999954
597,41.06902480125427,0.28385353088378906,0.22758817672729492,41.609702825546265,0.049999999999999954
598,41.19704484939575,0.2844855785369873,0.22839713096618652,41.73922157287598,0.049999999999999954
599,41.32311177253723,0.28514552116394043,0.22924494743347168,41.86688947677612,0.049999999999999954
600,41.44706583023071,0.2857954502105713,0.23006200790405273,41.99237251281738,0.049999999999999954
601,41.55108404159546,0.286421537399292,0.230910062789917,42.097907304763794,0.049999999999999954
602,41.67815089225769,0.28721165657043457,0.23155999183654785,42.22649145126343,0.049999999999999954
603,41.67815089225769,0.288036584854126,0.23155999183654785,42.22732853889465,0.049999999999999954
604,41.7046799659729,0.2888174057006836,0.23223090171813965,42.255348443984985,0.049999999999999954
605,41.804638624191284,0.28943943977355957,0.23308491706848145,42.35682654380798,0.049999999999999954
606,41.804638624191284,0.2902352809906006,0.23308491706848145,42.357638359069824,0.049999999999999954
607,41.926371812820435,0.2910332679748535,0.23377084732055664,42.48092436790466,0.049999999999999954
608,42.05954456329346,0.291858434677124,0.23444080352783203,42.61566758155823,0.049999999999999954
609,42.08020853996277,0.29267215728759766,0.235123872756958,42.637874364852905,0.049999999999999954
610,42.18669676780701,0.29332518577575684,0.23590683937072754,42.745832204818726,0.049999999999999954
611,42.20677351951599,0.29405999183654785,0.23660683631896973,42.76738929748535,0.049999999999999954
612,42.30893135070801,0.2947208881378174,0.23738694190979004,42.87103319168091,0.049999999999999954
613,42.336334466934204,0.2954518795013428,0.2380819320678711,42.89991331100464,0.049999999999999954
614,42.46532917022705,0.29613447189331055,0.23887419700622559,43.030458211898804,0.049999999999999954
615,42.46532917022705,0.296811580657959,0.23887419700622559,43.031150341033936,0.049999999999999954
616,42.567283153533936,0.2974395751953125,0.2396562099456787,43.13455629348755,0.049999999999999954
617,42.567283153533936,0.29817867279052734,0.2396562099456787,43.1353063583374,0.049999999999999954
618,42.59176325798035,0.2989325523376465,0.240370512008667,43.161290407180786,0.049999999999999954
619,42.69967818260193,0.29959940910339355,0.24110078811645508,43.27065134048462,0.049999999999999954
620,42.69967818260193,0.30025768280029297,0.24110078811645508,43.27132034301758,0.049999999999999954
621,42.719189167022705,0.3009316921234131,0.2417597770690918,43.292200326919556,0.049999999999999954
622,42.82443714141846,0.3016667366027832,0.24250292778015137,43.39896535873413,0.049999999999999954
623,42.82443714141846,0.3023414611816406,0.24250292778015137,43.39965319633484,0.049999999999999954
624,42.82443714141846,0.30298924446105957,0.24250292778015137,43.40030217170715,0.049999999999999954
625,42.94758892059326,0.3037381172180176,0.24360966682434082,43.525381326675415,0.049999999999999954
626,43.075080156326294,0.3044302463531494,0.24463367462158203,43.65465545654297,0.049999999999999954
627,43.178691387176514,0.305164098739624,0.24559855461120605,43.76001524925232,0.049999999999999954
628,43.310341358184814,0.30608510971069336,0.2463846206665039,43.89345049858093,0.049999999999999954
629,43.33572030067444,0.3070073127746582,0.2470715045928955,43.92048931121826,0.049999999999999954
630,43.462363481521606,0.30768322944641113,0.24804949760437012,44.048848152160645,0.049999999999999954
631,43.572261571884155,0.30837035179138184,0.2488555908203125,44.16028308868408,0.049999999999999954
632,43.572261571884155,0.3091444969177246,0.2488555908203125,44.16106700897217,0.049999999999999954
633,43.572261571884155,0.30990147590637207,0.2488555908203125,44.16182589530945,0.049999999999999954
634,43.572261571884155,0.3106575012207031,0.2488555908203125,44.162582874298096,0.049999999999999954
635,43.693562507629395,0.31140661239624023,0.2495574951171875,44.28539991378784,0.049999999999999954
636,43.693562507629395,0.3121836185455322,0.2495574951171875,44.28618907928467,0.049999999999999954
637,43.81646656990051,0.31287550926208496,0.25023746490478516,44.410528898239136,0.049999999999999954
638,43.81646656990051,0.31374263763427734,0.25023746490478516,44.41140794754028,0.049999999999999954
639,43.81646656990051,0.3146185874938965,0.25023746490478516,44.412286043167114,0.049999999999999954
640,43.84096360206604,0.3155856132507324,0.25110840797424316,44.43867516517639,0.049999999999999954
641,43.84096360206604,0.31624269485473633,0.25110840797424316,44.43934106826782,0.049999999999999954
642,43.94654941558838,0.31688857078552246,0.2519195079803467,44.54642295837402,0.049999999999999954
643,44.07382130622864,0.3176565170288086,0.25261974334716797,44.67523694038391,0.049999999999999954
644,44.19746136665344,0.3184506893157959,0.25330686569213867,44.800431966781616,0.049999999999999954
645,44.217355489730835,0.3192453384399414,0.2539968490600586,44.82185506820679,0.049999999999999954
646,44.322956562042236,0.3199143409729004,0.25558996200561523,44.9297571182251,0.049999999999999954
647,44.34786772727966,0.3208191394805908,0.2563140392303467,44.95636487007141,0.049999999999999954
648,44.45380759239197,0.3215022087097168,0.25717711448669434,45.06389498710632,0.049999999999999954
649,44.58183002471924,0.3222842216491699,0.25788211822509766,45.19347405433655,0.049999999999999954
650,44.60444617271423,0.32309818267822266,0.2585740089416504,45.21764016151428,0.049999999999999954
651,44.60444617271423,0.3237602710723877,0.2585740089416504,45.21830892562866,0.049999999999999954
652,44.71573328971863,0.32442331314086914,0.2593398094177246,45.33105397224426,0.049999999999999954
653,44.84450721740723,0.32514142990112305,0.2600679397583008,45.461337089538574,0.049999999999999954
654,44.966769218444824,0.3258931636810303,0.26076579093933105,45.58511710166931,0.049999999999999954
655,44.987192153930664,0.3266122341156006,0.2614588737487793,45.60699200630188,0.049999999999999954
656,45.11583065986633,0.32727622985839844,0.26224255561828613,45.73712611198425,0.049999999999999954
657,45.11583065986633,0.3279590606689453,0.26224255561828613,45.73781895637512,0.049999999999999954
658,45.11583065986633,0.32861995697021484,0.26224255561828613,45.7384831905365,0.049999999999999954
659,45.23837327957153,0.32929301261901855,0.26298952102661133,45.862502098083496,0.049999999999999954
660,45.34535026550293,0.32997870445251465,0.2637603282928467,45.97098207473755,0.049999999999999954
661,45.364495277404785,0.33074450492858887,0.26450347900390625,45.991682052612305,0.049999999999999954
662,45.364495277404785,0.3314533233642578,0.26450347900390625,45.99239706993103,0.049999999999999954
663,45.49090933799744,0.3321535587310791,0.2652914524078369,46.12034296989441,0.049999999999999954
664,45.49090933799744,0.33284854888916016,0.2652914524078369,46.12104916572571,0.049999999999999954
665,45.59822940826416,0.3335247039794922,0.26607441902160645,46.229862213134766,0.049999999999999954
666,45.59822940826416,0.3342554569244385,0.26607441902160645,46.230602979660034,0.049999999999999954
667,45.6212215423584,0.33498454093933105,0.26679325103759766,46.25510025024414,0.049999999999999954
668,45.6212215423584,0.3356614112854004,0.26679325103759766,46.25578594207764,0.049999999999999954
669,45.74655485153198,0.3363213539123535,0.2675750255584717,46.382609128952026,0.049999999999999954
670,45.854477882385254,0.3370814323425293,0.26836705207824707,46.49212622642517,0.049999999999999954
671,45.873292684555054,0.33782243728637695,0.26906609535217285,46.51242208480835,0.049999999999999954
672,46.00033736228943,0.33850646018981934,0.2698640823364258,46.640995025634766,0.049999999999999954
673,46.00033736228943,0.33924341201782227,0.2698640823364258,46.641746044158936,0.049999999999999954
674,46.00033736228943,0.33995914459228516,0.2698640823364258,46.642462968826294,0.049999999999999954
675,46.131144523620605,0.3406672477722168,0.27065205574035645,46.77482604980469,0.049999999999999954
676,46.131144523620605,0.3413882255554199,0.27065205574035645,46.77555704116821,0.049999999999999954
677,46.131144523620605,0.34206700325012207,0.27065205574035645,46.77623796463013,0.049999999999999954
678,46.241023540496826,0.342728853225708,0.2714121341705322,46.88757395744324,0.049999999999999954
679,46.367999792099,0.3434450626373291,0.27501606941223145,47.018938064575195,0.049999999999999954
680,46.46608567237854,0.34417128562927246,0.27606725692749023,47.1188440322876,0.049999999999999954
681,46.46608567237854,0.34515810012817383,0.27606725692749023,47.11984300613403,0.049999999999999954
682,46.492345571517944,0.3461329936981201,0.27701520919799805,47.14807605743408,0.049999999999999954
683,46.601884603500366,0.3474619388580322,0.27802610397338867,47.260042905807495,0.049999999999999954
684,46.601884603500366,0.3483448028564453,0.27802610397338867,47.26093792915344,0.049999999999999954
685,46.601884603500366,0.3492307662963867,0.27802610397338867,47.261826038360596,0.049999999999999954
686,46.601884603500366,0.3501114845275879,0.27802610397338867,47.262710094451904,0.049999999999999954
687,46.6225905418396,0.3509945869445801,0.27873897552490234,47.285054206848145,0.049999999999999954
688,46.72840452194214,0.35167837142944336,0.27960777282714844,47.392455101013184,0.049999999999999954
689,46.72840452194214,0.35248637199401855,0.27960777282714844,47.393275022506714,0.049999999999999954
690,46.749359369277954,0.35329151153564453,0.2804088592529297,47.41588091850281,0.049999999999999954
691,46.878005266189575,0.35401248931884766,0.2812790870666504,47.54619598388672,0.049999999999999954
692,46.878005266189575,0.35475778579711914,0.2812790870666504,47.546952962875366,0.049999999999999954
693,47.00158739089966,0.3555147647857666,0.28217411041259766,47.672248125076294,0.049999999999999954
694,47.102556467056274,0.35623979568481445,0.2831442356109619,47.77496385574341,0.049999999999999954
695,47.22746968269348,0.35713887214660645,0.2839169502258301,47.90162706375122,0.049999999999999954
696,47.2482328414917,0.35808777809143066,0.2852599620819092,47.924736738204956,0.049999999999999954
697,47.37657356262207,0.3592088222503662,0.28641486167907715,48.05542778968811,0.049999999999999954
698,47.37657356262207,0.36011576652526855,0.28641486167907715,48.05634689331055,0.049999999999999954
699,47.50468945503235,0.3608436584472656,0.2873847484588623,48.186238527297974,0.049999999999999954
700,47.6029794216156,0.3615837097167969,0.2883565425872803,48.2862868309021,0.049999999999999954
701,47.72669434547424,0.36248254776000977,0.2891817092895508,48.41184377670288,0.049999999999999954
702,47.72669434547424,0.36348819732666016,0.2891817092895508,48.41286373138428,0.049999999999999954
703,47.75235724449158,0.3643922805786133,0.2900516986846924,48.44035768508911,0.049999999999999954
704,47.87963128089905,0.36512136459350586,0.29100894927978516,48.569382667541504,0.049999999999999954
705,48.00981521606445,0.36585259437561035,0.29191112518310547,48.7012619972229,0.049999999999999954
706,48.108376264572144,0.36663246154785156,0.2928950786590576,48.80163073539734,0.049999999999999954
707,48.233567237854004,0.36754846572875977,0.29379820823669434,48.92872166633606,0.049999999999999954
708,48.25873136520386,0.3685452938079834,0.29456520080566406,48.95569562911987,0.049999999999999954
709,48.36375045776367,0.36925816535949707,0.2955482006072998,49.06245398521423,0.049999999999999954
710,48.48957848548889,0.37016725540161133,0.29631829261779785,49.190041065216064,0.049999999999999954
711,48.51115655899048,0.37113332748413086,0.2970733642578125,49.213390588760376,0.049999999999999954
712,48.51115655899048,0.3718593120574951,0.2970733642578125,49.21412396430969,0.049999999999999954
713,48.636043548583984,0.372577428817749,0.2980496883392334,49.34075880050659,0.049999999999999954
714,48.73418426513672,0.37340426445007324,0.29902052879333496,49.44074368476868,0.049999999999999954
715,48.73418426513672,0.3742692470550537,0.29902052879333496,49.44162178039551,0.049999999999999954
716,48.7601420879364,0.3751189708709717,0.2998075485229492,49.46926188468933,0.049999999999999954
717,48.881916999816895,0.37585902214050293,0.30082058906555176,49.59285497665405,0.049999999999999954
718,49.01492190361023,0.37677788734436035,0.30173444747924805,49.72775983810425,0.049999999999999954
719,49.147122859954834,0.3775768280029297,0.302518367767334,49.8616156578064,0.049999999999999954
720,49.147122859954834,0.37833094596862793,0.302518367767334,49.86237978935242,0.049999999999999954
721,49.273120641708374,0.37903785705566406,0.30336546897888184,49.98998284339905,0.049999999999999954
722,49.39408874511719,0.379788875579834,0.3042185306549072,50.11262369155884,0.049999999999999954
723,49.5000159740448,0.38055896759033203,0.3050706386566162,50.22022294998169,0.049999999999999954
724,49.5000159740448,0.3813447952270508,0.3050706386566162,50.22102069854736,0.049999999999999954
725,49.51993727684021,0.38213276863098145,0.3058345317840576,50.24253988265991,0.049999999999999954
726,49.51993727684021,0.38286876678466797,0.3058345317840576,50.243281841278076,0.049999999999999954
727,49.6504967212677,0.38361692428588867,0.3066902160644531,50.375486850738525,0.049999999999999954
728,49.6504967212677,0.38440489768981934,0.3066902160644531,50.376285791397095,0.049999999999999954
729,49.756062746047974,0.38517308235168457,0.3075532913208008,50.48352360725403,0.049999999999999954
730,49.777190923690796,0.38597822189331055,0.3083338737487793,50.50628185272217,0.049999999999999954
731,49.777190923690796,0.38669323921203613,0.3083338737487793,50.50700283050537,0.049999999999999954
732,49.88070559501648,0.38742613792419434,0.3092069625854492,50.612151861190796,0.049999999999999954
733,49.90383577346802,0.38824033737182617,0.3099992275238037,50.63693690299988,0.049999999999999954
734,50.01155352592468,0.38897228240966797,0.31085205078125,50.74628782272339,0.049999999999999954
735,50.13838267326355,0.38974547386169434,0.3117179870605469,50.87482786178589,0.049999999999999954
736,50.26298761367798,0.39055943489074707,0.3124849796295166,51.00108003616333,0.049999999999999954
737,50.39527893066406,0.3913993835449219,0.31365966796875,51.13545370101929,0.049999999999999954
738,50.49487113952637,0.3923044204711914,0.3147876262664795,51.23712992668152,0.049999999999999954
739,50.520458936691284,0.39336562156677246,0.3156397342681885,51.264683961868286,0.049999999999999954
740,50.63219714164734,0.3941795825958252,0.31665754318237305,51.37830686569214,0.049999999999999954
741,50.75916123390198,0.3951284885406494,0.3174774646759033,51.507115840911865,0.049999999999999954
742,50.78249716758728,0.39612627029418945,0.3182673454284668,51.53229379653931,0.049999999999999954
743,50.78249716758728,0.39693307876586914,0.3182673454284668,51.533108949661255,0.049999999999999954
744,50.91260480880737,0.3977470397949219,0.31948328018188477,51.66530990600586,0.049999999999999954
745,51.0363826751709,0.39856696128845215,0.3204312324523926,51.790931940078735,0.049999999999999954
746,51.16366648674011,0.3993501663208008,0.3214542865753174,51.920088052749634,0.049999999999999954
747,51.16366648674011,0.40015196800231934,0.3214542865753174,51.92090106010437,0.049999999999999954
748,51.26745247840881,0.40093207359313965,0.3224804401397705,52.02653503417969,0.049999999999999954
749,51.29110670089722,0.40182018280029297,0.3232853412628174,52.05193519592285,0.049999999999999954
750,51.39051151275635,0.40258026123046875,0.3245112895965576,52.153372049331665,0.049999999999999954
751,51.39051151275635,0.4044373035430908,0.3245112895965576,52.15524435043335,0.049999999999999954
752,51.52261161804199,0.40619325637817383,0.32532644271850586,52.29000425338745,0.049999999999999954
753,51.542011976242065,0.407137393951416,0.3261234760284424,52.311192989349365,0.049999999999999954
754,51.67138624191284,0.4078965187072754,0.32701730728149414,52.44227600097656,0.049999999999999954
755,51.67138624191284,0.4086906909942627,0.32701730728149414,52.443082094192505,0.049999999999999954
756,51.67138624191284,0.4094538688659668,0.32701730728149414,52.44384789466858,0.049999999999999954
757,51.77492833137512,0.41020679473876953,0.3279001712799072,52.54906392097473,0.049999999999999954
758,51.88373923301697,0.4110276699066162,0.33075428009033203,52.661603927612305,0.049999999999999954
759,51.88373923301697,0.41220664978027344,0.33075428009033203,52.66279888153076,0.049999999999999954
760,51.88373923301697,0.4132406711578369,0.33075428009033203,52.66383600234985,0.049999999999999954
761,52.00903606414795,0.41420960426330566,0.33159732818603516,52.79102087020874,0.049999999999999954
762,52.13889288902283,0.41515660285949707,0.3324544429779053,52.922755002975464,0.049999999999999954
763,52.13889288902283,0.4160926342010498,0.3324544429779053,52.923702001571655,0.049999999999999954
764,52.16284108161926,0.4169886112213135,0.333282470703125,52.949414014816284,0.049999999999999954
765,52.16284108161926,0.41776442527770996,0.333282470703125,52.95019888877869,0.049999999999999954
766,52.291409492492676,0.41852664947509766,0.3342554569244385,53.08055806159973,0.049999999999999954
767,52.395015478134155,0.41933774948120117,0.3351433277130127,53.185909032821655,0.049999999999999954
768,52.41495752334595,0.42019057273864746,0.33603334426879883,53.20764899253845,0.049999999999999954
769,52.54173254966736,0.4210069179534912,0.3369274139404297,53.3361930847168,0.049999999999999954
770,52.54173254966736,0.4218120574951172,0.3369274139404297,53.33700919151306,0.049999999999999954
771,52.64642834663391,0.42258501052856445,0.33791160583496094,53.4435019493103,0.049999999999999954
772,52.669087171554565,0.42349910736083984,0.33875083923339844,53.467962980270386,0.049999999999999954
773,52.772634983062744,0.42427992820739746,0.3397376537322998,53.57332921028137,0.049999999999999954
774,52.772634983062744,0.42525482177734375,0.3397376537322998,53.57431602478027,0.049999999999999954
775,52.772634983062744,0.4261026382446289,0.3397376537322998,53.5751678943634,0.049999999999999954
776,52.893553018569946,0.4269397258758545,0.3405466079711914,53.6978018283844,0.049999999999999954
777,52.91345191001892,0.42791748046875,0.3414278030395508,53.71960997581482,0.049999999999999954
778,53.01963496208191,0.42875027656555176,0.3424408435821533,53.82767701148987,0.049999999999999954
779,53.039939880371094,0.4296691417694092,0.34325194358825684,53.84975481033325,0.049999999999999954
780,53.039939880371094,0.43044614791870117,0.34325194358825684,53.85053753852844,0.049999999999999954
781,53.16634464263916,0.4312260150909424,0.34422922134399414,53.97875666618347,0.049999999999999954
782,53.295122146606445,0.4322350025177002,0.345257043838501,54.109641551971436,0.049999999999999954
783,53.295122146606445,0.4330620765686035,0.345257043838501,54.11047983169556,0.049999999999999954
784,53.295122146606445,0.43384695053100586,0.345257043838501,54.111265659332275,0.049999999999999954
785,53.399877309799194,0.43463587760925293,0.34617185592651367,54.21776366233826,0.049999999999999954
786,53.42358922958374,0.43549275398254395,0.3470158576965332,54.243223667144775,0.049999999999999954
787,53.54940915107727,0.43631672859191895,0.3479328155517578,54.370848655700684,0.049999999999999954
788,53.54940915107727,0.43715381622314453,0.3479328155517578,54.37169575691223,0.049999999999999954
789,53.65706825256348,0.43794894218444824,0.34888267517089844,54.4811475276947,0.049999999999999954
790,53.78064322471619,0.43882107734680176,0.3497138023376465,54.60649871826172,0.049999999999999954
791,53.80235028266907,0.4397258758544922,0.3505527973175049,54.62999176979065,0.049999999999999954
792,53.90461730957031,0.4405198097229004,0.35214662551879883,54.7346887588501,0.049999999999999954
793,53.92755126953125,0.4421718120574951,0.35316967964172363,54.76036977767944,0.049999999999999954
794,54.03055119514465,0.442962646484375,0.35412168502807617,54.865155935287476,0.049999999999999954
795,54.05183386802673,0.44384241104125977,0.3549797534942627,54.88822269439697,0.049999999999999954
796,54.05183386802673,0.44463348388671875,0.3549797534942627,54.889023780822754,0.049999999999999954
797,54.1755907535553,0.4454324245452881,0.355914831161499,55.01456570625305,0.049999999999999954
798,54.1755907535553,0.44625067710876465,0.355914831161499,55.01539492607117,0.049999999999999954
799,54.3012216091156,0.4470524787902832,0.3568406105041504,55.14280676841736,0.049999999999999954
800,54.3012216091156,0.447878360748291,0.3568406105041504,55.14364576339722,0.049999999999999954
801,54.40688157081604,0.44867420196533203,0.35790038108825684,55.251208782196045,0.049999999999999954
802,54.53779149055481,0.4496190547943115,0.3587355613708496,55.38402485847473,0.049999999999999954
803,54.53779149055481,0.45121002197265625,0.3587355613708496,55.38563656806946,0.049999999999999954
804,54.664254665374756,0.4520859718322754,0.3596184253692627,55.513938665390015,0.049999999999999954
805,54.664254665374756,0.4530510902404785,0.3596184253692627,55.514915466308594,0.049999999999999954
806,54.795408487319946,0.4539151191711426,0.3604605197906494,55.64784359931946,0.049999999999999954
807,54.795408487319946,0.4548304080963135,0.3604605197906494,55.64877152442932,0.049999999999999954
808,54.92631769180298,0.45566773414611816,0.36168336868286133,55.78180170059204,0.049999999999999954
809,55.02751684188843,0.45654749870300293,0.36288905143737793,55.88513159751892,0.049999999999999954
810,55.070401668548584,0.4576735496520996,0.3637971878051758,55.930116415023804,0.049999999999999954
811,55.17470860481262,0.4584815502166748,0.36473822593688965,56.03620743751526,0.049999999999999954
812,55.299678802490234,0.4593656063079834,0.36559510231018066,56.16298460960388,0.049999999999999954
813,55.299678802490234,0.4603097438812256,0.36559510231018066,56.163939476013184,0.049999999999999954
814,55.31936573982239,0.46118688583374023,0.36643409729003906,56.18539261817932,0.049999999999999954
815,55.31936573982239,0.4620387554168701,0.36643409729003906,56.186251640319824,0.049999999999999954
816,55.4248628616333,0.46286869049072266,0.3673548698425293,56.2935266494751,0.049999999999999954
817,55.44800090789795,0.46375060081481934,0.3685288429260254,56.31876850128174,0.049999999999999954
818,55.44800090789795,0.4652106761932373,0.3685288429260254,56.32024145126343,0.049999999999999954
819,55.44800090789795,0.46666550636291504,0.3685288429260254,56.32169842720032,0.049999999999999954
820,55.5489706993103,0.46813130378723145,0.36953091621398926,56.42518949508667,0.049999999999999954
821,55.65945768356323,0.4690213203430176,0.3706550598144531,56.53773260116577,0.049999999999999954
822,55.788352727890015,0.4700610637664795,0.37153005599975586,56.66866135597229,0.049999999999999954
823,55.811872720718384,0.4720039367675781,0.37247490882873535,56.69515562057495,0.049999999999999954
824,55.91730976104736,0.472855806350708,0.37441372871398926,56.80343055725098,0.049999999999999954
825,56.04982042312622,0.4738483428955078,0.3752899169921875,56.93794560432434,0.049999999999999954
826,56.17252039909363,0.4769933223724365,0.37628912925720215,57.06490969657898,0.049999999999999954
827,56.298256397247314,0.4779551029205322,0.37714314460754395,57.19253468513489,0.049999999999999954
828,56.298256397247314,0.4789748191833496,0.37714314460754395,57.193567514419556,0.049999999999999954
829,56.42463040351868,0.4799337387084961,0.37801313400268555,57.32182955741882,0.049999999999999954
830,56.55228042602539,0.48096275329589844,0.378878116607666,57.4514946937561,0.049999999999999954
831,56.67617869377136,0.4846799373626709,0.37985706329345703,57.58021879196167,0.049999999999999954
832,56.69605255126953,0.48569178581237793,0.3807249069213867,57.6020188331604,0.049999999999999954
833,56.69605255126953,0.48652076721191406,0.3807249069213867,57.602853775024414,0.049999999999999954
834,56.69605255126953,0.487351655960083,0.3807249069213867,57.603686809539795,0.049999999999999954
835,56.83082127571106,0.48818159103393555,0.3817000389099121,57.74030876159668,0.049999999999999954
836,56.93740749359131,0.4890627861022949,0.38266897201538086,57.8487868309021,0.049999999999999954
837,56.93740749359131,0.48996496200561523,0.38266897201538086,57.84969997406006,0.049999999999999954
838,56.93740749359131,0.4908561706542969,0.38266897201538086,57.850592851638794,0.049999999999999954
839,57.04265522956848,0.49170804023742676,0.38793206214904785,57.96199369430542,0.049999999999999954
840,57.04265522956848,0.4928090572357178,0.38793206214904785,57.96310782432556,0.049999999999999954
841,57.17122435569763,0.49383997917175293,0.3888518810272217,58.09374976158142,0.049999999999999954
842,57.19468450546265,0.4971787929534912,0.38992881774902344,58.12172269821167,0.049999999999999954
843,57.19468450546265,0.49801158905029297,0.38992881774902344,58.12256455421448,0.049999999999999954
844,57.32861542701721,0.49885058403015137,0.39188671112060547,58.25934362411499,0.049999999999999954
845,57.32861542701721,0.4997255802154541,0.39188671112060547,58.260228633880615,0.049999999999999954
846,57.4379096031189,0.500558614730835,0.39282870292663574,58.37133073806763,0.049999999999999954
847,57.4379096031189,0.5014324188232422,0.39282870292663574,58.372214794158936,0.049999999999999954
848,57.45732069015503,0.5022814273834229,0.3945479393005371,58.394235610961914,0.049999999999999954
849,57.56152272224426,0.5037882328033447,0.3956339359283447,58.50108456611633,0.049999999999999954
850,57.65945887565613,0.5046422481536865,0.39691877365112305,58.6012077331543,0.049999999999999954
851,57.68263268470764,0.5058403015136719,0.39781785011291504,58.6265287399292,0.049999999999999954
852,57.70131969451904,0.5067112445831299,0.3987307548522949,58.64702868461609,0.049999999999999954
853,57.70131969451904,0.5075504779815674,0.3987307548522949,58.64787483215332,0.049999999999999954
854,57.801963806152344,0.5083906650543213,0.39971280097961426,58.75037670135498,0.049999999999999954
855,57.92653203010559,0.5093154907226562,0.40058159828186035,58.87680649757385,0.049999999999999954
856,57.94628095626831,0.5102956295013428,0.40146660804748535,58.898465633392334,0.049999999999999954
857,58.05412411689758,0.511136531829834,0.4024355411529541,59.00815176963806,0.049999999999999954
858,58.0756618976593,0.5120494365692139,0.40331578254699707,59.03152561187744,0.049999999999999954
859,58.185842990875244,0.51289963722229,0.4042825698852539,59.1435546875,0.049999999999999954
860,58.185842990875244,0.5137755870819092,0.4042825698852539,59.144444704055786,0.049999999999999954
861,58.185842990875244,0.5146596431732178,0.4042825698852539,59.14533066749573,0.049999999999999954
862,58.31372094154358,0.5155305862426758,0.40840649604797363,59.27825975418091,0.049999999999999954
863,58.438380002975464,0.5164906978607178,0.4125194549560547,59.408050537109375,0.049999999999999954
864,58.438380002975464,0.5174398422241211,0.4125194549560547,59.40901064872742,0.049999999999999954
865,58.54202103614807,0.5183179378509521,0.41826844215393066,59.51931667327881,0.049999999999999954
866,58.67811298370361,0.5196118354797363,0.41920948028564453,59.65774083137512,0.049999999999999954
867,58.67811298370361,0.5205817222595215,0.41920948028564453,59.658721685409546,0.049999999999999954
868,58.67811298370361,0.5214993953704834,0.41920948028564453,59.6596405506134,0.049999999999999954
869,58.69809412956238,0.522430419921875,0.4201033115386963,59.681482791900635,0.049999999999999954
870,58.79809617996216,0.5233154296875,0.4210953712463379,59.78339672088623,0.049999999999999954
871,58.79809617996216,0.5242486000061035,0.4210953712463379,59.78434085845947,0.049999999999999954
872,58.92585015296936,0.5251595973968506,0.42200446128845215,59.91398072242737,0.049999999999999954
873,58.92585015296936,0.5261557102203369,0.42200446128845215,59.91498684883118,0.049999999999999954
874,59.05272722244263,0.5271587371826172,0.42287135124206543,60.043797969818115,0.049999999999999954
875,59.05272722244263,0.5281796455383301,0.42287135124206543,60.044832944869995,0.049999999999999954
876,59.17937707901001,0.529120683670044,0.4240233898162842,60.17365765571594,0.049999999999999954
877,59.306313037872314,0.5301275253295898,0.4250063896179199,60.30266070365906,0.049999999999999954
878,59.326987981796265,0.5312144756317139,0.42593932151794434,60.32539963722229,0.049999999999999954
879,59.43433904647827,0.5320947170257568,0.4269564151763916,60.434690713882446,0.049999999999999954
880,59.53999090194702,0.5330438613891602,0.4282705783843994,60.542656660079956,0.049999999999999954
881,59.53999090194702,0.534334659576416,0.4282705783843994,60.54396080970764,0.049999999999999954
882,59.66467905044556,0.5355689525604248,0.4292275905609131,60.67091202735901,0.049999999999999954
883,59.66467905044556,0.5367538928985596,0.4292275905609131,60.672109842300415,0.049999999999999954
884,59.6872980594635,0.5378818511962891,0.4301445484161377,60.69681477546692,0.049999999999999954
885,59.818347215652466,0.5387566089630127,0.43132734298706055,60.829986810684204,0.049999999999999954
886,59.91322207450867,0.5397133827209473,0.4327106475830078,60.9272518157959,0.049999999999999954
887,60.03832507133484,0.5408611297607422,0.43370985984802246,61.0545814037323,0.049999999999999954
888,60.06262493133545,0.5420420169830322,0.43463802337646484,61.08103966712952,0.049999999999999954
889,60.06262493133545,0.5429210662841797,0.43463802337646484,61.08192777633667,0.049999999999999954
890,60.06262493133545,0.5438158512115479,0.43463802337646484,61.08283758163452,0.049999999999999954
891,60.18980073928833,0.5446977615356445,0.43578600883483887,61.21208381652832,0.049999999999999954
892,60.18980073928833,0.5456037521362305,0.43578600883483887,61.213000774383545,0.049999999999999954
893,60.28937864303589,0.546504020690918,0.4369831085205078,61.314711570739746,0.049999999999999954
894,60.41985869407654,0.5476648807525635,0.43839216232299805,61.44808554649353,0.049999999999999954
895,60.44377779960632,0.5491158962249756,0.4393501281738281,61.47455167770386,0.049999999999999954
896,60.55363893508911,0.55007004737854,0.44039392471313477,61.586453676223755,0.049999999999999954
897,60.68492269515991,0.5509970188140869,0.44132113456726074,61.7196626663208,0.049999999999999954
898,60.81177091598511,0.5520470142364502,0.44266200065612793,61.848973751068115,0.049999999999999954
899,60.93984127044678,0.5530538558959961,0.44388389587402344,61.979344844818115,0.049999999999999954
900,60.961230516433716,0.5539946556091309,0.4448397159576416,62.00267672538757,0.049999999999999954
901,61.081517696380615,0.5548639297485352,0.44591283798217773,62.1249737739563,0.049999999999999954
902,61.20833778381348,0.555830717086792,0.44695281982421875,62.2538685798645,0.049999999999999954
903,61.33687686920166,0.5568685531616211,0.44799375534057617,62.38457775115967,0.049999999999999954
904,61.33687686920166,0.557842493057251,0.44799375534057617,62.38556265830994,0.049999999999999954
905,61.44420790672302,0.5587606430053711,0.44899940490722656,62.49485373497009,0.049999999999999954
906,61.55048680305481,0.5597178936004639,0.45023036003112793,62.60337162017822,0.049999999999999954
907,61.55048680305481,0.5608839988708496,0.45023036003112793,62.60455083847046,0.049999999999999954
908,61.67931818962097,0.5620288848876953,0.45125746726989746,62.735628843307495,0.049999999999999954
909,61.67931818962097,0.5632948875427246,0.45125746726989746,62.73690867424011,0.049999999999999954
910,61.67931818962097,0.5644757747650146,0.45125746726989746,62.738099575042725,0.049999999999999954
911,61.70116305351257,0.5656847953796387,0.4523622989654541,62.76231551170349,0.049999999999999954
912,61.81035113334656,0.5666108131408691,0.4536464214324951,62.8737576007843,0.049999999999999954
913,61.937435150146484,0.5677926540374756,0.4546074867248535,63.00306463241577,0.049999999999999954
914,62.0630738735199,0.5689043998718262,0.4556314945220947,63.13091468811035,0.049999999999999954
915,62.08749198913574,0.570014476776123,0.45690035820007324,63.15776062011719,0.049999999999999954
916,62.19668388366699,0.5711681842803955,0.4582033157348633,63.269468545913696,0.049999999999999954
917,62.19668388366699,0.5722751617431641,0.4582033157348633,63.27058744430542,0.049999999999999954
918,62.19668388366699,0.5732991695404053,0.4582033157348633,63.27161359786987,0.049999999999999954
919,62.19668388366699,0.5742781162261963,0.4582033157348633,63.27259349822998,0.049999999999999954
920,62.218693017959595,0.575308084487915,0.45918917655944824,63.296666383743286,0.049999999999999954
921,62.218693017959595,0.5763263702392578,0.45918917655944824,63.29769563674927,0.049999999999999954
922,62.32337689399719,0.5773274898529053,0.4601879119873047,63.40443253517151,0.049999999999999954
923,62.32337689399719,0.578324556350708,0.4601879119873047,63.40544557571411,0.049999999999999954
924,62.32337689399719,0.579270601272583,0.4601879119873047,63.4063937664032,0.049999999999999954
925,62.32337689399719,0.5802206993103027,0.4601879119873047,63.40734553337097,0.049999999999999954
926,62.42456007003784,0.5811657905578613,0.4614706039428711,63.51079773902893,0.049999999999999954
927,62.44673204421997,0.5823287963867188,0.46249842643737793,63.53521370887756,0.049999999999999954
928,62.57465195655823,0.5833165645599365,0.4638092517852783,63.66550254821777,0.049999999999999954
929,62.67891192436218,0.5842998027801514,0.46506619453430176,63.772048473358154,0.049999999999999954
930,62.80072569847107,0.585468053817749,0.46605515480041504,63.89610266685486,0.049999999999999954
931,62.82441306114197,0.586738109588623,0.46707797050476074,63.92215061187744,0.049999999999999954
932,62.82441306114197,0.5876588821411133,0.46707797050476074,63.92307758331299,0.049999999999999954
933,62.93107008934021,0.5885758399963379,0.46832990646362305,64.03193664550781,0.049999999999999954
934,62.95248484611511,0.5897550582885742,0.4693741798400879,64.05562448501587,0.049999999999999954
935,63.077218770980835,0.5907711982727051,0.4705381393432617,64.18259263038635,0.049999999999999954
936,63.20680570602417,0.5917201042175293,0.4717831611633301,64.31444144248962,0.049999999999999954
937,63.305142402648926,0.5926990509033203,0.47307538986206055,64.41509342193604,0.049999999999999954
938,63.329692363739014,0.5938467979431152,0.4740755558013916,64.44184041023254,0.049999999999999954
939,63.329692363739014,0.5947737693786621,0.4740755558013916,64.44277620315552,0.049999999999999954
940,63.457332134246826,0.5957019329071045,0.4752225875854492,64.57254838943481,0.049999999999999954
941,63.56551003456116,0.5967450141906738,0.4763975143432617,64.6829924583435,0.049999999999999954
942,63.585973262786865,0.5977621078491211,0.4773695468902588,64.70549726486206,0.049999999999999954
943,63.585973262786865,0.5987093448638916,0.4773695468902588,64.70645046234131,0.049999999999999954
944,63.585973262786865,0.5996413230895996,0.4773695468902588,64.70738625526428,0.049999999999999954
945,63.69285035133362,0.6005604267120361,0.4784235954284668,64.81627130508423,0.049999999999999954
946,63.69285035133362,0.6015901565551758,0.4784235954284668,64.81731843948364,0.049999999999999954
947,63.8178346157074,0.6026830673217773,0.4797053337097168,64.94474244117737,0.049999999999999954
948,63.936285734176636,0.6036808490753174,0.48097705841064453,65.06552529335022,0.049999999999999954
949,63.936285734176636,0.6046888828277588,0.48097705841064453,65.06654644012451,0.049999999999999954
950,63.95683479309082,0.6056549549102783,0.48205018043518066,65.0891764163971,0.049999999999999954
951,64.08297801017761,0.6066257953643799,0.48313426971435547,65.21743130683899,0.049999999999999954
952,64.1912169456482,0.607590913772583,0.48425793647766113,65.32780361175537,0.049999999999999954
953,64.21019220352173,0.6086108684539795,0.4852759838104248,65.34886145591736,0.049999999999999954
954,64.31886744499207,0.6095976829528809,0.48632001876831055,65.45960760116577,0.049999999999999954
955,64.41939568519592,0.61055588722229,0.48768019676208496,65.56250548362732,0.049999999999999954
956,64.41939568519592,0.611767053604126,0.48768019676208496,65.56372857093811,0.049999999999999954
957,64.441885471344,0.6129751205444336,0.48866748809814453,65.58845448493958,0.049999999999999954
958,64.54177045822144,0.6139302253723145,0.4899475574493408,65.69061040878296,0.049999999999999954
959,64.56567525863647,0.6151373386383057,0.4909236431121826,65.71674656867981,0.049999999999999954
960,64.68982005119324,0.6161141395568848,0.49231386184692383,65.84330868721008,0.049999999999999954
961,64.81197905540466,0.6171181201934814,0.49327802658081055,65.96750068664551,0.049999999999999954
962,64.9377019405365,0.6181552410125732,0.4942479133605957,66.09529852867126,0.049999999999999954
963,65.06653237342834,0.6192412376403809,0.49522972106933594,66.2262647151947,0.049999999999999954
964,65.08653616905212,0.6203329563140869,0.4962427616119385,66.24841666221619,0.049999999999999954
965,65.08653616905212,0.6213209629058838,0.4962427616119385,66.24941277503967,0.049999999999999954
966,65.19101214408875,0.6222758293151855,0.49735283851623535,66.35598373413086,0.049999999999999954
967,65.2085030078888,0.6232826709747314,0.49834370613098145,66.37551641464233,0.049999999999999954
968,65.33585977554321,0.6242375373840332,0.4994478225708008,66.50498270988464,0.049999999999999954
969,65.33585977554321,0.6252555847167969,0.4994478225708008,66.50601053237915,0.049999999999999954
970,65.44720768928528,0.626253604888916,0.5004959106445312,66.61944150924683,0.049999999999999954
971,65.54646182060242,0.6272492408752441,0.5019872188568115,66.72122955322266,0.049999999999999954
972,65.6734447479248,0.6285922527313232,0.5034723281860352,66.85116863250732,0.049999999999999954
973,65.6734447479248,0.6315212249755859,0.5034723281860352,66.85412573814392,0.049999999999999954
974,65.6734447479248,0.6329131126403809,0.5034723281860352,66.85552954673767,0.049999999999999954
975,65.69736981391907,0.6341242790222168,0.5045003890991211,66.88174962997437,0.049999999999999954
976,65.82319951057434,0.6350791454315186,0.5057153701782227,67.00980162620544,0.049999999999999954
977,65.92408442497253,0.6360793113708496,0.5069165229797363,67.11292862892151,0.049999999999999954
978,65.94817543029785,0.6372053623199463,0.5079236030578613,67.13919949531555,0.049999999999999954
979,65.94817543029785,0.6381642818450928,0.5079236030578613,67.14016652107239,0.049999999999999954
980,66.05451941490173,0.6391222476959229,0.5091984272003174,67.24878454208374,0.049999999999999954
981,66.07659363746643,0.6402263641357422,0.5103943347930908,67.27321553230286,0.049999999999999954
982,66.18188452720642,0.6412715911865234,0.5114755630493164,67.38067054748535,0.049999999999999954
983,66.28833651542664,0.6422839164733887,0.5124855041503906,67.48919773101807,0.049999999999999954
984,66.31247472763062,0.643256664276123,0.5136444568634033,67.51551651954651,0.049999999999999954
985,66.31247472763062,0.6442596912384033,0.5136444568634033,67.51653051376343,0.049999999999999954
986,66.4205207824707,0.6453585624694824,0.5147154331207275,67.6267876625061,0.049999999999999954
987,66.4205207824707,0.6465086936950684,0.5147154331207275,67.62795066833496,0.049999999999999954
988,66.44302701950073,0.6474807262420654,0.5159804821014404,67.65274357795715,0.049999999999999954
989,66.65380215644836,0.6484816074371338,0.5171694755554199,67.86580061912537,0.049999999999999954
990,66.65380215644836,0.6499416828155518,0.5171694755554199,67.86727261543274,0.049999999999999954
991,66.65380215644836,0.6513516902923584,0.5171694755554199,67.86868858337402,0.049999999999999954
992,66.67979526519775,0.6527538299560547,0.5182573795318604,67.89722967147827,0.049999999999999954
993,66.7841682434082,0.6537888050079346,0.5195872783660889,68.00401425361633,0.049999999999999954
994,66.7841682434082,0.6550467014312744,0.5195872783660889,68.00528526306152,0.049999999999999954
995,66.7841682434082,0.656308650970459,0.5195872783660889,68.0065484046936,0.049999999999999954
996,66.81010913848877,0.6575148105621338,0.5206780433654785,68.03482961654663,0.049999999999999954
997,66.93868708610535,0.6585037708282471,0.5219161510467529,68.16569447517395,0.049999999999999954
998,66.93868708610535,0.6595628261566162,0.5219161510467529,68.16676449775696,0.049999999999999954
999,67.04092216491699,0.6605608463287354,0.52317214012146,68.27128839492798,0.049999999999999954
